{
	"resourceType": "Observation",
	"id": "finding1",
	"status": "final",
	"code": {
		"coding": [
			{
				"system": "http://nuancepowerscribe.com/saf",
				"code": "1006",
				"display": "Pulmonary nodule"
			},
			{
				"system": "http://www.radlex.org",
				"code": "RID50149",
				"display": "Pulmonary nodule"
			}
		]
	},
	"bodySite": {
		"coding": [
			{
				"system": "http://www.radlex.org",
				"code": "RID1301",
				"display": "lung"
			}
		]
	},
	"note": [
		{
			"text": "nodule seen."
		}
	],
	"component": [
		{
			"code": {
				"coding": [
					{
						"system": "http://dicom.nema.org/resources/ontology/DCM",
						"code": "113607",
						"display": "Series number"
					}
				]
			},
			"valueInteger": 0
		},
		{
			"code": {
				"coding": [
					{
						"system": "http://dicom.nema.org/resources/ontology/DCM",
						"code": "112002",
						"display": "Series UID"
					}
				]
			},
			"valueString": "1.2.840.113654.2.55.241091032741161264637502730418589057607"
		},
		{
			"code": {
				"coding": [
					{
						"system": "http://dicom.nema.org/resources/ontology/DCM",
						"code": "113609",
						"display": "Instance number"
					}
				]
			},
			"valueInteger": 72
		},
		{
			"code": {
				"coding": [
					{
						"system": "http://dicom.nema.org/resources/ontology/DCM",
						"code": "110181",
						"display": "SOP Class UID"
					}
				]
			},
			"valueString": "1.2.840.113654.2.55.177854378396639531718532940130261014094"
		},
		{
			"code": {
				"coding": [
					{
						"system": "http://nuancepowerscribe.com/saf",
						"code": "1006.4",
						"display": "laterality"
					}
				]
			},
			"valueCodeableConcept": {
				"coding": [
					{
						"system": "http://nuancepowerscribe.com/saf",
						"code": "1006.4.1",
						"display": "left"
					}
				]
			}
		},
		{
			"code": {
				"coding": [
					{
						"system": "http://nuancepowerscribe.com/saf",
						"code": "1006.3",
						"display": "lobe"
					}
				]
			},
			"valueString": "unknown"
		}
	]
}

